Company Name,Industry,Symbol,yahoo Symbol,ISIN Code,
Ashok Leyland Ltd.,Automobile and Auto Components,ASHOKLEY,ASHOKLEY.NS,INE208A01029,
Bajaj Auto Ltd.,Automobile and Auto Components,BAJAJ-AUTO,BAJAJ-AUTO.NS,INE917I01010,
Bharat Forge Ltd.,Automobile and Auto Components,BHARATFORG,BHARATFORG.NS,INE465A01025,
Bosch Ltd.,Automobile and Auto Components,BOSCHLTD,BOSCHLTD.NS,INE323A01026,
Eicher Motors Ltd.,Automobile and Auto Components,EICHERMOT,EICHERMOT.NS,INE066A01021,
Exide Industries Ltd.,Automobile and Auto Components,EXIDEIND,EXIDEIND.NS,INE302A01020,
Hero MotoCorp Ltd.,Automobile and Auto Components,HEROMOTOCO,HEROMOTOCO.NS,INE158A01026,
Mahindra & Mahindra Ltd.,Automobile and Auto Components,M&M,M&M.NS,INE101A01026,
Maruti Suzuki India Ltd.,Automobile and Auto Components,MARUTI,MARUTI.NS,INE585B01010,
Samvardhana Motherson International Ltd.,Automobile and Auto Components,MOTHERSON,MOTHERSON.NS,INE775A01035,
Sona BLW Precision Forgings Ltd.,Automobile and Auto Components,SONACOMS,SONACOMS.NS,INE073K01018,
TVS Motor Company Ltd.,Automobile and Auto Components,TVSMOTOR,TVSMOTOR.NS,INE494B01023,
Tata Motors Passenger Vehicles Ltd.,Automobile and Auto Components,TMPV,TMPV.NS,INE155A01022,
Tube Investments of India Ltd.,Automobile and Auto Components,TIINDIA,TIINDIA.NS,INE974X01010,
UNO Minda Ltd.,Automobile and Auto Components,UNOMINDA,UNOMINDA.NS,INE405E01023,
AU Small Finance Bank Ltd.,Financial Services,AUBANK,AUBANK.NS,INE949L01017,
Axis Bank Ltd.,Financial Services,AXISBANK,AXISBANK.NS,INE238A01034,
Bank of Baroda,Financial Services,BANKBARODA,BANKBARODA.NS,INE028A01039,
Canara Bank,Financial Services,CANBK,CANBK.NS,INE476A01022,
Federal Bank Ltd.,Financial Services,FEDERALBNK,FEDERALBNK.NS,INE171A01029,
HDFC Bank Ltd.,Financial Services,HDFCBANK,HDFCBANK.NS,INE040A01034,
ICICI Bank Ltd.,Financial Services,ICICIBANK,ICICIBANK.NS,INE090A01021,
IDFC First Bank Ltd.,Financial Services,IDFCFIRSTB,IDFCFIRSTB.NS,INE092T01019,
IndusInd Bank Ltd.,Financial Services,INDUSINDBK,INDUSINDBK.NS,INE095A01012,
Kotak Mahindra Bank Ltd.,Financial Services,KOTAKBANK,KOTAKBANK.NS,INE237A01036,
Punjab National Bank,Financial Services,PNB,PNB.NS,INE160A01022,
State Bank of India,Financial Services,SBIN,SBIN.NS,INE062A01020,
Union Bank of India,Financial Services,UNIONBANK,UNIONBANK.NS,INE692A01016,
Yes Bank Ltd.,Financial Services,YESBANK,YESBANK.NS,INE528G01035,
ABB India Ltd.,Capital Goods,ABB,ABB.NS,INE117A01022,
AIA Engineering Ltd.,Capital Goods,AIAENG,AIAENG.NS,INE212H01026,
APL Apollo Tubes Ltd.,Capital Goods,APLAPOLLO,APLAPOLLO.NS,INE702C01027,
Apar Industries Ltd.,Capital Goods,APARINDS,APARINDS.NS,INE372A01015,
Ashok Leyland Ltd.,Capital Goods,ASHOKLEY,ASHOKLEY.NS,INE208A01029,
Astra Microwave Products Ltd.,Capital Goods,ASTRAMICRO,ASTRAMICRO.NS,INE386C01029,
Astral Ltd.,Capital Goods,ASTRAL,ASTRAL.NS,INE006I01046,
BEML Ltd.,Capital Goods,BEML,BEML.NS,INE258A01024,
Bharat Dynamics Ltd.,Capital Goods,BDL,BDL.NS,INE171Z01026,
Bharat Electronics Ltd.,Capital Goods,BEL,BEL.NS,INE263A01024,
Bharat Heavy Electricals Ltd.,Capital Goods,BHEL,BHEL.NS,INE257A01026,
CG Power and Industrial Solutions Ltd.,Capital Goods,CGPOWER,CGPOWER.NS,INE067A01029,
Carborundum Universal Ltd.,Capital Goods,CARBORUNIV,CARBORUNIV.NS,INE120A01034,
Cochin Shipyard Ltd.,Capital Goods,COCHINSHIP,COCHINSHIP.NS,INE704P01025,
Cummins India Ltd.,Capital Goods,CUMMINSIND,CUMMINSIND.NS,INE298A01020,
Data Patterns (India) Ltd.,Capital Goods,DATAPATTNS,DATAPATTNS.NS,INE0IX101010,
Elgi Equipments Ltd.,Capital Goods,ELGIEQUIP,ELGIEQUIP.NS,INE285A01027,
Escorts Kubota Ltd.,Capital Goods,ESCORTS,ESCORTS.NS,INE042A01014,
Finolex Cables Ltd.,Capital Goods,FINCABLES,FINCABLES.NS,INE235A01022,
Finolex Industries Ltd.,Capital Goods,FINPIPE,FINPIPE.NS,INE183A01024,
GE Vernova T&D India Ltd.,Capital Goods,GVT&D,GVT&D.NS,INE200A01026,
Garden Reach Shipbuilders & Engineers Ltd.,Capital Goods,GRSE,GRSE.NS,INE382Z01011,
HBL Engineering Ltd.,Capital Goods,HBLENGINE,HBLENGINE.NS,INE292B01021,
Hindustan Aeronautics Ltd.,Capital Goods,HAL,HAL.NS,INE066F01020,
Hitachi Energy India Ltd.,Capital Goods,POWERINDIA,POWERINDIA.NS,INE07Y701011,
Honeywell Automation India Ltd.,Capital Goods,HONAUT,HONAUT.NS,INE671A01010,
Inox Wind Ltd.,Capital Goods,INOXWIND,INOXWIND.NS,INE066P01011,
Jyoti CNC Automation Ltd.,Capital Goods,JYOTICNC,JYOTICNC.NS,INE980O01024,
KEI Industries Ltd.,Capital Goods,KEI,KEI.NS,INE878B01027,
Kaynes Technology India Ltd.,Capital Goods,KAYNES,KAYNES.NS,INE918Z01012,
Kirloskar Oil Eng Ltd.,Capital Goods,KIRLOSENG,KIRLOSENG.NS,INE146L01010,
Mazagoan Dock Shipbuilders Ltd.,Capital Goods,MAZDOCK,MAZDOCK.NS,INE249Z01020,
PTC Industries Ltd.,Capital Goods,PTCIL,PTCIL.NS,INE596F01018,
Polycab India Ltd.,Capital Goods,POLYCAB,POLYCAB.NS,INE455K01017,
Praj Industries Ltd.,Capital Goods,PRAJIND,PRAJIND.NS,INE074A01025,
Premier Energies Ltd.,Capital Goods,PREMIERENE,PREMIERENE.NS,INE0BS701011,
Siemens Energy India Ltd.,Capital Goods,ENRIN,ENRIN.NS,INE1NPP01017,
Siemens Ltd.,Capital Goods,SIEMENS,SIEMENS.NS,INE003A01024,
Supreme Industries Ltd.,Capital Goods,SUPREMEIND,SUPREMEIND.NS,INE195A01028,
Suzlon Energy Ltd.,Capital Goods,SUZLON,SUZLON.NS,INE040H01021,
TD Power Systems Ltd.,Capital Goods,TDPOWERSYS,TDPOWERSYS.NS,INE419M01027,
Tata Motors Ltd.,Capital Goods,TMCV,TMCV.NS,INE1TAE01010,
Thermax Ltd.,Capital Goods,THERMAX,THERMAX.NS,INE152A01029,
Timken India Ltd.,Capital Goods,TIMKEN,TIMKEN.NS,INE325A01013,
Titagarh Rail Systems Ltd.,Capital Goods,TITAGARH,TITAGARH.NS,INE615H01020,
Triveni Turbine Ltd.,Capital Goods,TRITURBINE,TRITURBINE.NS,INE152M01016,
Usha Martin Ltd.,Capital Goods,USHAMART,USHAMART.NS,INE228A01035,
Voltamp Transformers Ltd,Capital Goods,VOLTAMP,VOLTAMP.NS,INE540H01012,
Waaree Energies Ltd.,Capital Goods,WAAREEENER,WAAREEENER.NS,INE377N01017,
Welspun Corp Ltd.,Capital Goods,WELCORP,WELCORP.NS,INE191B01025,
UltraTech Cement Ltd.,Construction Materials,ULTRACEMCO,ULTRACEMCO.NS,INE481G01011,
Grasim Industries Ltd.,Construction Materials,GRASIM,GRASIM.NS,INE047A01021,
Ambuja Cements Ltd.,Construction Materials,AMBUJACEM,AMBUJACEM.NS,INE079A01024,
Shree Cement Ltd.,Construction Materials,SHREECEM,SHREECEM.NS,INE070A01015,
J.K. Cement Ltd.,Construction Materials,JKCEMENT,JKCEMENT.NS,INE823G01014,
Dalmia Bharat Ltd.,Construction Materials,DALBHARAT,DALBHARAT.NS,INE00R701025,
ACC Ltd.,Construction Materials,ACC,ACC.NS,INE012A01025,
The Ramco Cements Ltd.,Construction Materials,RAMCOCEM,RAMCOCEM.NS,INE331A01037,
JSW Cement Ltd.,Construction Materials,JSWCEMENT,JSWCEMENT.NS,INE718I01012,
Nuvoco Vistas Corporation Ltd.,Construction Materials,NUVOCO,NUVOCO.NS,INE118D01016,
India Cements Ltd.,Construction Materials,INDIACEM,INDIACEM.NS,INE383A01012,
JK Lakshmi Cement Ltd.,Construction Materials,JKLAKSHMI,JKLAKSHMI.NS,INE786A01032,
Star Cement Ltd.,Construction Materials,STARCEMENT,STARCEMENT.NS,INE460H01021,
Birla Corporation Ltd.,Construction Materials,BIRLACORPN,BIRLACORPN.NS,INE340A01012,
Prism Johnson Ltd.,Construction Materials,PRSMJOHNSN,PRSMJOHNSN.NS,INE010A01011,
Orient Cement Ltd.,Construction Materials,ORIENTCEM,ORIENTCEM.NS,INE876N01018,
Aarti Industries Ltd.,Chemicals,AARTIIND,AARTIIND.NS,INE769A01020,
Atul Ltd.,Chemicals,ATUL,ATUL.NS,INE100A01010,
Bayer Cropscience Ltd.,Chemicals,BAYERCROP,BAYERCROP.NS,INE462A01022,
Chambal Fertilizers & Chemicals Ltd.,Chemicals,CHAMBLFERT,CHAMBLFERT.NS,INE085A01013,
Coromandel International Ltd.,Chemicals,COROMANDEL,COROMANDEL.NS,INE169A01031,
Deepak Nitrite Ltd.,Chemicals,DEEPAKNTR,DEEPAKNTR.NS,INE288B01029,
E.I.D. Parry (India) Ltd.,Chemicals,EIDPARRY,EIDPARRY.NS,INE126A01031,
Gujarat Fluorochemicals Ltd.,Chemicals,FLUOROCHEM,FLUOROCHEM.NS,INE09N301011,
Gujarat Narmada Valley Fertilizers and Chemicals Ltd.,Chemicals,GNFC,GNFC.NS,INE113A01013,
Himadri Speciality Chemical Ltd.,Chemicals,HSCL,HSCL.NS,INE019C01026,
Linde India Ltd.,Chemicals,LINDEINDIA,LINDEINDIA.NS,INE473A01011,
Navin Fluorine International Ltd.,Chemicals,NAVINFLUOR,NAVINFLUOR.NS,INE048G01026,
PCBL Chemical Ltd.,Chemicals,PCBL,PCBL.NS,INE602A01031,
PI Industries Ltd.,Chemicals,PIIND,PIIND.NS,INE603J01030,
Pidilite Industries Ltd.,Chemicals,PIDILITIND,PIDILITIND.NS,INE318A01026,
SRF Ltd.,Chemicals,SRF,SRF.NS,INE647A01010,
Solar Industries India Ltd.,Chemicals,SOLARINDS,SOLARINDS.NS,INE343H01029,
Sumitomo Chemical India Ltd.,Chemicals,SUMICHEM,SUMICHEM.NS,INE258G01013,
Tata Chemicals Ltd.,Chemicals,TATACHEM,TATACHEM.NS,INE092A01019,
UPL Ltd.,Chemicals,UPL,UPL.NS,INE628A01036,
Adani Ports and Special Economic Zone Ltd.,Services,ADANIPORTS,ADANIPORTS.NS,INE742F01042,
Awfis Space Solutions Ltd.,Services,AWFIS,AWFIS.NS,INE108V01019,
Blackbuck Ltd.,Services,BLACKBUCK,BLACKBUCK.NS,INE0UIZ01018,
Blue Dart Express Ltd.,Services,BLUEDART,BLUEDART.NS,INE233B01017,
CMS Info Systems Ltd.,Services,CMSINFO,CMSINFO.NS,INE925R01014,
Container Corporation of India Ltd.,Services,CONCOR,CONCOR.NS,INE111A01025,
Delhivery Ltd.,Services,DELHIVERY,DELHIVERY.NS,INE148O01028,
Firstsource Solutions Ltd.,Services,FSL,FSL.NS,INE684F01012,
GMR Airports Ltd.,Services,GMRAIRPORT,GMRAIRPORT.NS,INE776C01039,
Great Eastern Shipping Co. Ltd.,Services,GESHIP,GESHIP.NS,INE017A01032,
Gujarat Pipavav Port Ltd.,Services,GPPL,GPPL.NS,INE517F01014,
Hemisphere Properties India Ltd.,Services,HEMIPROP,HEMIPROP.NS,INE0AJG01018,
Inox Green Energy Services Ltd.,Services,INOXGREEN,INOXGREEN.NS,INE510W01014,
InterGlobe Aviation Ltd.,Services,INDIGO,INDIGO.NS,INE646L01027,
International Gemological Institute Ltd.,Services,IGIL,IGIL.NS,INE0Q9301021,
JSW Infrastructure Ltd.,Services,JSWINFRA,JSWINFRA.NS,INE880J01026,
MMTC Ltd.,Services,MMTC,MMTC.NS,INE123F01029,
MSTC Ltd.,Services,MSTCLTD,MSTCLTD.NS,INE255X01014,
NESCO Ltd.,Services,NESCO,NESCO.NS,INE317F01035,
Quess Corp Ltd.,Services,QUESS,QUESS.NS,INE615P01015,
Redington Ltd.,Services,REDINGTON,REDINGTON.NS,INE891D01026,
Shipping Corporation of India Ltd.,Services,SCI,SCI.NS,INE109A01011,
Smartworks Coworking Spaces Ltd.,Services,SMARTWORKS,SMARTWORKS.NS,INE0NAZ01010,
TVS Supply Chain Solutions Ltd.,Services,TVSSCS,TVSSCS.NS,INE395N01027,
WeWork India Management Ltd.,Services,WEWORK,WEWORK.NS,INE085001019,
eClerx Services Ltd.,Services,ECLERX,ECLERX.NS,INE738I01010,
Afcons Infrastructure Ltd.,Construction,AFCONS,AFCONS.NS,INE101I01011,
Ahluwalia Contracts (India) Ltd.,Construction,AHLUCONT,AHLUCONT.NS,INE758C01029,
Ashoka Buildcon Ltd.,Construction,ASHOKA,ASHOKA.NS,INE442H01029,
Cemindia Projects Ltd.,Construction,CEMPRO,CEMPRO.NS,INE686A01026,
Dilip Buildcon Ltd.,Construction,DBL,DBL.NS,INE917M01012,
Engineers India Ltd.,Construction,ENGINERSIN,ENGINERSIN.NS,INE510A01028,
H.G. Infra Engineering Ltd.,Construction,HGINFRA,HGINFRA.NS,INE926X01010,
Hindustan Construction Co. Ltd.,Construction,HCC,HCC.NS,INE549A01026,
IRB Infrastructure Developers Ltd.,Construction,IRB,IRB.NS,INE821I01022,
IRCON International Ltd.,Construction,IRCON,IRCON.NS,INE962Y01021,
KNR Constructions Ltd.,Construction,KNRCON,KNRCON.NS,INE634I01029,
Kalpataru Projects International Ltd.,Construction,KPIL,KPIL.NS,INE220B01022,
Kec International Ltd.,Construction,KEC,KEC.NS,INE389H01022,
Larsen & Toubro Ltd.,Construction,LT,LT.NS,INE018A01030,
NBCC (India) Ltd.,Construction,NBCC,NBCC.NS,INE095N01031,
NCC Ltd.,Construction,NCC,NCC.NS,INE868B01028,
PNC Infratech Ltd.,Construction,PNCINFRA,PNCINFRA.NS,INE195J01029,
Power Mech Projects Ltd.,Construction,POWERMECH,POWERMECH.NS,INE211R01019,
RITES Ltd.,Construction,RITES,RITES.NS,INE320J01015,
Rail Vikas Nigam Ltd.,Construction,RVNL,RVNL.NS,INE415G01027,
Sterling and Wilson Renewable Energy Ltd.,Construction,SWSOLAR,SWSOLAR.NS,INE00M201021,
Techno Electric & Engineering Company Ltd.,Construction,TECHNOE,TECHNOE.NS,INE285K01026,
Welspun Enterprises Ltd.,Construction,WELENT,WELENT.NS,INE625G01013,
Amber Enterprises India Ltd.,Consumer Durables,AMBER,AMBER.NS,INE371P01015,
Bata India Ltd.,Consumer Durables,BATAINDIA,BATAINDIA.NS,INE176A01028,
Blue Star Ltd.,Consumer Durables,BLUESTARCO,BLUESTARCO.NS,INE472A01039,
Crompton Greaves Consumer Electricals Ltd.,Consumer Durables,CROMPTON,CROMPTON.NS,INE299U01018,
Dixon Technologies (India) Ltd.,Consumer Durables,DIXON,DIXON.NS,INE935N01020,
Havells India Ltd.,Consumer Durables,HAVELLS,HAVELLS.NS,INE176B01034,
Kajaria Ceramics Ltd.,Consumer Durables,KAJARIACER,KAJARIACER.NS,INE217B01036,
Kalyan Jewellers India Ltd.,Consumer Durables,KALYANKJIL,KALYANKJIL.NS,INE303R01014,
LG Electronics India Ltd.,Consumer Durables,LGEINDIA,LGEINDIA.NS,INE324D01010,
PG Electroplast Ltd.,Consumer Durables,PGEL,PGEL.NS,INE457L01029,
Titan Company Ltd.,Consumer Durables,TITAN,TITAN.NS,INE280A01028,
Voltas Ltd.,Consumer Durables,VOLTAS,VOLTAS.NS,INE226A01021,
Whirlpool of India Ltd.,Consumer Durables,WHIRLPOOL,WHIRLPOOL.NS,INE716A01013,
Aditya Birla Fashion and Retail Ltd.,Consumer Services,ABFRL,ABFRL.NS,INE647O01011,
Aditya Birla Lifestyle Brands Ltd.,Consumer Services,ABLBL,ABLBL.NS,INE14LE01019,
Aditya Vision Ltd.,Consumer Services,AVL,AVL.NS,INE679V01027,
Arvind Fashions Ltd.,Consumer Services,ARVINDFASN,ARVINDFASN.NS,INE955V01021,
Avenue Supermarts Ltd.,Consumer Services,DMART,DMART.NS,INE192R01011,
BLS International Services Ltd.,Consumer Services,BLS,BLS.NS,INE153T01027,
Brainbees Solutions Ltd.,Consumer Services,FIRSTCRY,FIRSTCRY.NS,INE02RE01045,
Cartrade Tech Ltd.,Consumer Services,CARTRADE,CARTRADE.NS,INE290S01011,
Chalet Hotels Ltd.,Consumer Services,CHALET,CHALET.NS,INE427F01016,
Crizac Ltd.,Consumer Services,CRIZAC,CRIZAC.NS,INE0S4R01014,
Devyani International Ltd.,Consumer Services,DEVYANI,DEVYANI.NS,INE872J01023,
EIH Ltd.,Consumer Services,EIHOTEL,EIHOTEL.NS,INE230A01023,
Electronics Mart India Ltd.,Consumer Services,EMIL,EMIL.NS,INE02YR01019,
Entero Healthcare Solutions Ltd.,Consumer Services,ENTERO,ENTERO.NS,INE010601016,
Eternal Ltd.,Consumer Services,ETERNAL,ETERNAL.NS,INE758T01015,
FSN E-Commerce Ventures Ltd.,Consumer Services,NYKAA,NYKAA.NS,INE388Y01029,
ITC Hotels Ltd.,Consumer Services,ITCHOTELS,ITCHOTELS.NS,INE379A01028,
Indiamart Intermesh Ltd.,Consumer Services,INDIAMART,INDIAMART.NS,INE933S01016,
Indian Hotels Co. Ltd.,Consumer Services,INDHOTEL,INDHOTEL.NS,INE053A01029,
Indian Railway Catering And Tourism Corporation Ltd.,Consumer Services,IRCTC,IRCTC.NS,INE335Y01020,
Info Edge (India) Ltd.,Consumer Services,NAUKRI,NAUKRI.NS,INE663F01032,
Jeena Sikho Lifecare Ltd.,Consumer Services,JSLL,JSLL.NS,INE0J5801029,
Jubilant Foodworks Ltd.,Consumer Services,JUBLFOOD,JUBLFOOD.NS,INE797F01020,
Justdial Ltd.,Consumer Services,JUSTDIAL,JUSTDIAL.NS,INE599M01018,
Le Travenues Technology Ltd.,Consumer Services,IXIGO,IXIGO.NS,INE0HV901016,
Leela Palaces Hotels & Resorts Ltd.,Consumer Services,THELEELA,THELEELA.NS,INE0AQ201015,
Lemon Tree Hotels Ltd.,Consumer Services,LEMONTREE,LEMONTREE.NS,INE970X01018,
Lenskart Solutions Ltd.,Consumer Services,LENSKART,LENSKART.NS,INE956O01016,
Medplus Health Services Ltd.,Consumer Services,MEDPLUS,MEDPLUS.NS,INE804L01022,
Meesho Ltd.,Consumer Services,MEESHO,MEESHO.NS,INE0VDM01015,
Physicswallah Ltd.,Consumer Services,PWL,PWL.NS,INE0LP301011,
RattanIndia Enterprises Ltd.,Consumer Services,RTNINDIA,RTNINDIA.NS,INE834M01019,
Restaurant Brands Asia Ltd.,Consumer Services,RBA,RBA.NS,INE07T201019,
Samhi Hotels Ltd.,Consumer Services,SAMHI,SAMHI.NS,INE08U801020,
Sapphire Foods India Ltd.,Consumer Services,SAPPHIRE,SAPPHIRE.NS,INE806T01020,
Swiggy Ltd.,Consumer Services,SWIGGY,SWIGGY.NS,INE00H001014,
TBO Tek Ltd.,Consumer Services,TBOTEK,TBOTEK.NS,INE673O01025,
Thomas Cook (India) Ltd.,Consumer Services,THOMASCOOK,THOMASCOOK.NS,INE332A01027,
Travel Food Services Ltd.,Consumer Services,TRAVELFOOD,TRAVELFOOD.NS,INE103V01028,
Trent Ltd.,Consumer Services,TRENT,TRENT.NS,INE849A01020,
Urban Company Ltd.,Consumer Services,URBANCO,URBANCO.NS,INE0CAZ01013,
V-Mart Retail Ltd.,Consumer Services,VMART,VMART.NS,INE665J01013,
V2 Retail Ltd.,Consumer Services,V2RETAIL,V2RETAIL.NS,INE945H01021,
Vedant Fashions Ltd.,Consumer Services,MANYAVAR,MANYAVAR.NS,INE825V01034,
Vishal Mega Mart Ltd.,Consumer Services,VMM,VMM.NS,INE01EA01019,
Westlife Foodworld Ltd.,Consumer Services,WESTLIFE,WESTLIFE.NS,INE274F01020,
360 ONE WAM Ltd.,Financial Services,360ONE,360ONE.NS,INE466L01038,
Aditya Birla Capital Ltd.,Financial Services,ABCAPITAL,ABCAPITAL.NS,INE674K01013,
Angel One Ltd.,Financial Services,ANGELONE,ANGELONE.NS,INE732I01021,
BSE Ltd.,Financial Services,BSE,BSE.NS,INE118H01025,
Bajaj Finance Ltd.,Financial Services,BAJFINANCE,BAJFINANCE.NS,INE296A01032,
Bajaj Finserv Ltd.,Financial Services,BAJAJFINSV,BAJAJFINSV.NS,INE918I01026,
Bajaj Holdings & Investment Ltd.,Financial Services,BAJAJHLDNG,BAJAJHLDNG.NS,INE118A01012,
Central Depository Services (India) Ltd.,Financial Services,CDSL,CDSL.NS,INE736A01011,
Cholamandalam Investment and Finance Company Ltd.,Financial Services,CHOLAFIN,CHOLAFIN.NS,INE121A01024,
Computer Age Management Services Ltd.,Financial Services,CAMS,CAMS.NS,INE596I01020,
HDFC Asset Management Company Ltd.,Financial Services,HDFCAMC,HDFCAMC.NS,INE127D01025,
HDFC Life Insurance Company Ltd.,Financial Services,HDFCLIFE,HDFCLIFE.NS,INE795G01014,
ICICI Lombard General Insurance Company Ltd.,Financial Services,ICICIGI,ICICIGI.NS,INE765G01017,
ICICI Prudential Life Insurance Company Ltd.,Financial Services,ICICIPRULI,ICICIPRULI.NS,INE726G01019,
Indian Railway Finance Corporation Ltd.,Financial Services,IRFC,IRFC.NS,INE053F01010,
Jio Financial Services Ltd.,Financial Services,JIOFIN,JIOFIN.NS,INE758E01017,
L&T Finance Ltd.,Financial Services,LTF,LTF.NS,INE498L01015,
LIC Housing Finance Ltd.,Financial Services,LICHSGFIN,LICHSGFIN.NS,INE115A01026,
Life Insurance Corporation of India,Financial Services,LICI,LICI.NS,INE0J1Y01017,
Max Financial Services Ltd.,Financial Services,MFSL,MFSL.NS,INE180A01020,
Multi Commodity Exchange of India Ltd.,Financial Services,MCX,MCX.NS,INE745G01043,
Muthoot Finance Ltd.,Financial Services,MUTHOOTFIN,MUTHOOTFIN.NS,INE414G01012,
One 97 Communications Ltd.,Financial Services,PAYTM,PAYTM.NS,INE982J01020,
PB Fintech Ltd.,Financial Services,POLICYBZR,POLICYBZR.NS,INE417T01026,
PNB Housing Finance Ltd.,Financial Services,PNBHOUSING,PNBHOUSING.NS,INE572E01012,
Power Finance Corporation Ltd.,Financial Services,PFC,PFC.NS,INE134E01011,
REC Ltd.,Financial Services,RECLTD,RECLTD.NS,INE020B01018,
SBI Cards and Payment Services Ltd.,Financial Services,SBICARD,SBICARD.NS,INE018E01016,
SBI Life Insurance Company Ltd.,Financial Services,SBILIFE,SBILIFE.NS,INE123W01016,
Shriram Finance Ltd.,Financial Services,SHRIRAMFIN,SHRIRAMFIN.NS,INE721A01047,
Britannia Industries Ltd.,Fast Moving Consumer Goods,BRITANNIA,BRITANNIA.NS,INE216A01030,
Colgate Palmolive (India) Ltd.,Fast Moving Consumer Goods,COLPAL,COLPAL.NS,INE259A01022,
Dabur India Ltd.,Fast Moving Consumer Goods,DABUR,DABUR.NS,INE016A01026,
Emami Ltd.,Fast Moving Consumer Goods,EMAMILTD,EMAMILTD.NS,INE548C01032,
Godrej Consumer Products Ltd.,Fast Moving Consumer Goods,GODREJCP,GODREJCP.NS,INE102D01028,
Hindustan Unilever Ltd.,Fast Moving Consumer Goods,HINDUNILVR,HINDUNILVR.NS,INE030A01027,
ITC Ltd.,Fast Moving Consumer Goods,ITC,ITC.NS,INE154A01025,
Marico Ltd.,Fast Moving Consumer Goods,MARICO,MARICO.NS,INE196A01026,
Nestle India Ltd.,Fast Moving Consumer Goods,NESTLEIND,NESTLEIND.NS,INE239A01024,
Patanjali Foods Ltd.,Fast Moving Consumer Goods,PATANJALI,PATANJALI.NS,INE619A01035,
Radico Khaitan Ltd,Fast Moving Consumer Goods,RADICO,RADICO.NS,INE944F01028,
Tata Consumer Products Ltd.,Fast Moving Consumer Goods,TATACONSUM,TATACONSUM.NS,INE192A01025,
United Breweries Ltd.,Fast Moving Consumer Goods,UBL,UBL.NS,INE686F01025,
United Spirits Ltd.,Fast Moving Consumer Goods,UNITDSPR,UNITDSPR.NS,INE854D01024,
Varun Beverages Ltd.,Fast Moving Consumer Goods,VBL,VBL.NS,INE200M01039,
Abbott India Ltd.,Healthcare,ABBOTINDIA,ABBOTINDIA.NS,INE358A01014,
Alkem Laboratories Ltd.,Healthcare,ALKEM,ALKEM.NS,INE540L01014,
Apollo Hospitals Enterprise Ltd.,Healthcare,APOLLOHOSP,APOLLOHOSP.NS,INE437A01024,
Aurobindo Pharma Ltd.,Healthcare,AUROPHARMA,AUROPHARMA.NS,INE406A01037,
Biocon Ltd.,Healthcare,BIOCON,BIOCON.NS,INE376G01013,
Cipla Ltd.,Healthcare,CIPLA,CIPLA.NS,INE059A01026,
Divi's Laboratories Ltd.,Healthcare,DIVISLAB,DIVISLAB.NS,INE361B01024,
Dr. Reddy's Laboratories Ltd.,Healthcare,DRREDDY,DRREDDY.NS,INE089A01031,
Fortis Healthcare Ltd.,Healthcare,FORTIS,FORTIS.NS,INE061F01013,
Glenmark Pharmaceuticals Ltd.,Healthcare,GLENMARK,GLENMARK.NS,INE935A01035,
Ipca Laboratories Ltd.,Healthcare,IPCALAB,IPCALAB.NS,INE571A01038,
Laurus Labs Ltd.,Healthcare,LAURUSLABS,LAURUSLABS.NS,INE947Q01028,
Lupin Ltd.,Healthcare,LUPIN,LUPIN.NS,INE326A01037,
Mankind Pharma Ltd.,Healthcare,MANKIND,MANKIND.NS,INE634S01028,
Max Healthcare Institute Ltd.,Healthcare,MAXHEALTH,MAXHEALTH.NS,INE027H01010,
Piramal Pharma Ltd.,Healthcare,PPLPHARMA,PPLPHARMA.NS,INE0DK501011,
Sun Pharmaceutical Industries Ltd.,Healthcare,SUNPHARMA,SUNPHARMA.NS,INE044A01036,
Syngene International Ltd.,Healthcare,SYNGENE,SYNGENE.NS,INE398R01022,
Torrent Pharmaceuticals Ltd.,Healthcare,TORNTPHARM,TORNTPHARM.NS,INE685A01028,
Zydus Lifesciences Ltd.,Healthcare,ZYDUSLIFE,ZYDUSLIFE.NS,INE010B01027,
Apollo Hospitals Enterprise Ltd.,Hospital,APOLLOHOSP,APOLLOHOSP.NS,INE437A01024,
Aster DM Healthcare Ltd.,Hospital,ASTERDM,ASTERDM.NS,INE914M01019,
Dr. Agarwal's Health Care Ltd.,Hospital,AGARWALEYE,AGARWALEYE.NS,INE943P01029,
Fortis Healthcare Ltd.,Hospital,FORTIS,FORTIS.NS,INE061F01013,
Global Health Ltd.,Hospital,MEDANTA,MEDANTA.NS,INE474Q01031,
Healthcare Global Enterprises Ltd.,Hospital,HCG,HCG.NS,INE075I01017,
Jupiter Life Line Hospitals Ltd.,Hospital,JLHL,JLHL.NS,INE682M01012,
Krishna Institute of Medical Sciences Ltd.,Hospital,KIMS,KIMS.NS,INE967H01025,
Max Healthcare Institute Ltd.,Hospital,MAXHEALTH,MAXHEALTH.NS,INE027H01010,
Narayana Hrudayalaya Ltd.,Hospital,NH,NH.NS,INE410P01011,
Park Medi World Ltd.,Hospital,PARKHOSPS,PARKHOSPS.NS,INE119201023,
Rainbow Childrens Medicare Ltd.,Hospital,RAINBOW,RAINBOW.NS,INE961O01016,
Yatharth Hospital & Trauma Care Services Ltd.,Hospital,YATHARTH,YATHARTH.NS,INE0JO301016,
Aadhar Housing Finance Ltd.,Housing finance,AADHARHFC,AADHARHFC.NS,INE883F01010,
Aavas Financiers Ltd.,Housing finance,AAVAS,AAVAS.NS,INE216P01012,
Aptus Value Housing Finance India Ltd.,Housing finance,APTUS,APTUS.NS,INE852O01025,
Bajaj Housing Finance Ltd.,Housing finance,BAJAJHFL,BAJAJHFL.NS,INE377Y01014,
Can Fin Homes Ltd.,Housing finance,CANFINHOME,CANFINHOME.NS,INE477A01020,
Home First Finance Company India Ltd.,Housing finance,HOMEFIRST,HOMEFIRST.NS,INE481N01025,
India Shelter Finance Corporation Ltd.,Housing finance,INDIASHLTR,INDIASHLTR.NS,INE922K01024,
LIC Housing Finance Ltd.,Housing finance,LICHSGFIN,LICHSGFIN.NS,INE115A01026,
PNB Housing Finance Ltd.,Housing finance,PNBHOUSING,PNBHOUSING.NS,INE572E01012,
Sammaan Capital Ltd.,Housing finance,SAMMAANCAP,SAMMAANCAP.NS,INE148I01020,
Canara HSBC Life Insurance Company Ltd.,Insurance,CANHLIFE,CANHLIFE.NS,INE01TY01017,
General Insurance Corporation of India,Insurance,GICRE,GICRE.NS,INE481Y01014,
Go Digit General Insurance Ltd.,Insurance,GODIGIT,GODIGIT.NS,INE03JT01014,
HDFC Life Insurance Company Ltd.,Insurance,HDFCLIFE,HDFCLIFE.NS,INE795G01014,
ICICI Lombard General Insurance Company Ltd.,Insurance,ICICIGI,ICICIGI.NS,INE765G01017,
ICICI Prudential Life Insurance Company Ltd.,Insurance,ICICIPRULI,ICICIPRULI.NS,INE726G01019,
Life Insurance Corporation of India,Insurance,LICI,LICI.NS,INE0J1Y01017,
Max Financial Services Ltd.,Insurance,MFSL,MFSL.NS,INE180A01020,
Niva Bupa Health Insurance Company Ltd.,Insurance,NIVABUPA,NIVABUPA.NS,INE995S01015,
SBI Life Insurance Company Ltd.,Insurance,SBILIFE,SBILIFE.NS,INE123W01016,
Star Health and Allied Insurance Company Ltd.,Insurance,STARHEALTH,STARHEALTH.NS,INE575P01011,
The New India Assurance Company Ltd.,Insurance,NIACL,NIACL.NS,INE470Y01017,
Coforge Ltd.,Information Technology,COFORGE,COFORGE.NS,INE591G01025,
HCL Technologies Ltd.,Information Technology,HCLTECH,HCLTECH.NS,INE860A01027,
Infosys Ltd.,Information Technology,INFY,INFY.NS,INE009A01021,
LTM Ltd.,Information Technology,LTM,LTM.NS,INE214T01019,
MphasiS Ltd.,Information Technology,MPHASIS,MPHASIS.NS,INE356A01018,
Oracle Financial Services Software Ltd.,Information Technology,OFSS,OFSS.NS,INE881D01027,
Persistent Systems Ltd.,Information Technology,PERSISTENT,PERSISTENT.NS,INE262H01021,
Tata Consultancy Services Ltd.,Information Technology,TCS,TCS.NS,INE467B01029,
Tech Mahindra Ltd.,Information Technology,TECHM,TECHM.NS,INE669C01036,
Wipro Ltd.,Information Technology,WIPRO,WIPRO.NS,INE075A01022,
D.B.Corp Ltd.,Media Entertainment & Publication,DBCORP,DBCORP.NS,INE950I01011,
Hathway Cable & Datacom Ltd.,Media Entertainment & Publication,HATHWAY,HATHWAY.NS,INE982F01036,
Nazara Technologies Ltd.,Media Entertainment & Publication,NAZARA,NAZARA.NS,INE418L01047,
Network18 Media & Investments Ltd.,Media Entertainment & Publication,NETWORK18,NETWORK18.NS,INE870H01013,
PVR INOX Ltd.,Media Entertainment & Publication,PVRINOX,PVRINOX.NS,INE191H01014,
Prime Focus Ltd.,Media Entertainment & Publication,PFOCUS,PFOCUS.NS,INE367G01038,
Saregama India Ltd,Media Entertainment & Publication,SAREGAMA,SAREGAMA.NS,INE979A01025,
Sun TV Network Ltd.,Media Entertainment & Publication,SUNTV,SUNTV.NS,INE424H01027,
Tips Music Ltd.,Media Entertainment & Publication,TIPSMUSIC,TIPSMUSIC.NS,INE716B01029,
Zee Entertainment Enterprises Ltd.,Media Entertainment & Publication,ZEEL,ZEEL.NS,INE256A01028,
APL Apollo Tubes Ltd.,Metals & Mining,APLAPOLLO,APLAPOLLO.NS,INE702C01027,
Adani Enterprises Ltd.,Metals & Mining,ADANIENT,ADANIENT.NS,INE423A01024,
Hindalco Industries Ltd.,Metals & Mining,HINDALCO,HINDALCO.NS,INE038A01020,
Hindustan Copper Ltd.,Metals & Mining,HINDCOPPER,HINDCOPPER.NS,INE531E01026,
Hindustan Zinc Ltd.,Metals & Mining,HINDZINC,HINDZINC.NS,INE267A01025,
JSW Steel Ltd.,Metals & Mining,JSWSTEEL,JSWSTEEL.NS,INE019A01038,
Jindal Stainless Ltd.,Metals & Mining,JSL,JSL.NS,INE220G01021,
Jindal Steel Ltd.,Metals & Mining,JINDALSTEL,JINDALSTEL.NS,INE749A01030,
Lloyds Metals And Energy Ltd.,Metals & Mining,LLOYDSME,LLOYDSME.NS,INE281B01032,
NMDC Ltd.,Metals & Mining,NMDC,NMDC.NS,INE584A01023,
National Aluminium Co. Ltd.,Metals & Mining,NATIONALUM,NATIONALUM.NS,INE139A01034,
Steel Authority of India Ltd.,Metals & Mining,SAIL,SAIL.NS,INE114A01011,
Tata Steel Ltd.,Metals & Mining,TATASTEEL,TATASTEEL.NS,INE081A01020,
Vedanta Ltd.,Metals & Mining,VEDL,VEDL.NS,INE205A01025,
Welspun Corp Ltd.,Metals & Mining,WELCORP,WELCORP.NS,INE191B01025,
Authum Investment & Infrastructure Ltd.,NBFC,AIIL,AIIL.NS,INE206F01022,
Bajaj Finance Ltd.,NBFC,BAJFINANCE,BAJFINANCE.NS,INE296A01032,
Capri Global Capital Ltd.,NBFC,CGCL,CGCL.NS,INE180C01042,
Cholamandalam Investment and Finance Company Ltd.,NBFC,CHOLAFIN,CHOLAFIN.NS,INE121A01024,
Fedbank Financial Services Ltd.,NBFC,FEDFINA,FEDFINA.NS,INE007N01010,
Five-Star Business Finance Ltd.,NBFC,FIVESTAR,FIVESTAR.NS,INE128S01021,
HDB Financial Services Ltd.,NBFC,HDBFS,HDBFS.NS,INE756I01012,
IIFL Finance Ltd.,NBFC,IIFL,IIFL.NS,INE530B01024,
L&T Finance Ltd.,NBFC,LTF,LTF.NS,INE498L01015,
Mahindra & Mahindra Financial Services Ltd.,NBFC,M&MFIN,M&MFIN.NS,INE774D01024,
Manappuram Finance Ltd.,NBFC,MANAPPURAM,MANAPPURAM.NS,INE522D01027,
Muthoot Finance Ltd.,NBFC,MUTHOOTFIN,MUTHOOTFIN.NS,INE414G01012,
Piramal Finance Ltd.,NBFC,PIRAMALFIN,PIRAMALFIN.NS,INE202B01038,
Poonawalla Fincorp Ltd.,NBFC,POONAWALLA,POONAWALLA.NS,INE511C01022,
SBFC Finance Ltd.,NBFC,SBFC,SBFC.NS,INE423Y01016,
SBI Cards and Payment Services Ltd.,NBFC,SBICARD,SBICARD.NS,INE018E01016,
Shriram Finance Ltd.,NBFC,SHRIRAMFIN,SHRIRAMFIN.NS,INE721A01047,
Sundaram Finance Ltd.,NBFC,SUNDARMFIN,SUNDARMFIN.NS,INE660A01013,
Tata Capital Ltd.,NBFC,TATACAP,TATACAP.NS,INE976I01016,
Adani Total Gas Ltd.,Oil Gas & Consumable Fuels,ATGL,ATGL.NS,INE399L01023,
Aegis Logistics Ltd.,Oil Gas & Consumable Fuels,AEGISLOG,AEGISLOG.NS,INE208C01025,
Aegis Vopak Terminals Ltd.,Oil Gas & Consumable Fuels,AEGISVOPAK,AEGISVOPAK.NS,INE0INX01018,
Bharat Petroleum Corporation Ltd.,Oil Gas & Consumable Fuels,BPCL,BPCL.NS,INE029A01011,
Castrol India Ltd.,Oil Gas & Consumable Fuels,CASTROLIND,CASTROLIND.NS,INE172A01027,
Chennai Petroleum Corporation Ltd.,Oil Gas & Consumable Fuels,CHENNPETRO,CHENNPETRO.NS,INE178A01016,
GAIL (India) Ltd.,Oil Gas & Consumable Fuels,GAIL,GAIL.NS,INE129A01019,
Hindustan Petroleum Corporation Ltd.,Oil Gas & Consumable Fuels,HINDPETRO,HINDPETRO.NS,INE094A01015,
Indian Oil Corporation Ltd.,Oil Gas & Consumable Fuels,IOC,IOC.NS,INE242A01010,
Indraprastha Gas Ltd.,Oil Gas & Consumable Fuels,IGL,IGL.NS,INE203G01027,
Mahanagar Gas Ltd.,Oil Gas & Consumable Fuels,MGL,MGL.NS,INE002S01010,
Oil & Natural Gas Corporation Ltd.,Oil Gas & Consumable Fuels,ONGC,ONGC.NS,INE213A01029,
Oil India Ltd.,Oil Gas & Consumable Fuels,OIL,OIL.NS,INE274J01014,
Petronet LNG Ltd.,Oil Gas & Consumable Fuels,PETRONET,PETRONET.NS,INE347G01014,
Reliance Industries Ltd.,Oil Gas & Consumable Fuels,RELIANCE,RELIANCE.NS,INE002A01018,
Abbott India Ltd.,Pharma,ABBOTINDIA,ABBOTINDIA.NS,INE358A01014,
Ajanta Pharmaceuticals Ltd.,Pharma,AJANTPHARM,AJANTPHARM.NS,INE031B01049,
Alkem Laboratories Ltd.,Pharma,ALKEM,ALKEM.NS,INE540L01014,
Aurobindo Pharma Ltd.,Pharma,AUROPHARMA,AUROPHARMA.NS,INE406A01037,
Biocon Ltd.,Pharma,BIOCON,BIOCON.NS,INE376G01013,
Cipla Ltd.,Pharma,CIPLA,CIPLA.NS,INE059A01026,
Divi's Laboratories Ltd.,Pharma,DIVISLAB,DIVISLAB.NS,INE361B01024,
Dr. Reddy's Laboratories Ltd.,Pharma,DRREDDY,DRREDDY.NS,INE089A01031,
Gland Pharma Ltd.,Pharma,GLAND,GLAND.NS,INE068V01023,
Glenmark Pharmaceuticals Ltd.,Pharma,GLENMARK,GLENMARK.NS,INE935A01035,
Ipca Laboratories Ltd.,Pharma,IPCALAB,IPCALAB.NS,INE571A01038,
Laurus Labs Ltd.,Pharma,LAURUSLABS,LAURUSLABS.NS,INE947Q01028,
Lupin Ltd.,Pharma,LUPIN,LUPIN.NS,INE326A01037,
Mankind Pharma Ltd.,Pharma,MANKIND,MANKIND.NS,INE634S01028,
Piramal Pharma Ltd.,Pharma,PPLPHARMA,PPLPHARMA.NS,INE0DK501011,
Sai Life Sciences Ltd.,Pharma,SAILIFE,SAILIFE.NS,INE570L01029,
Sun Pharmaceutical Industries Ltd.,Pharma,SUNPHARMA,SUNPHARMA.NS,INE044A01036,
Torrent Pharmaceuticals Ltd.,Pharma,TORNTPHARM,TORNTPHARM.NS,INE685A01028,
Wockhardt Ltd.,Pharma,WOCKPHARMA,WOCKPHARMA.NS,INE049B01025,
Zydus Lifesciences Ltd.,Pharma,ZYDUSLIFE,ZYDUSLIFE.NS,INE010B01027,
ACME Solar Holdings Ltd.,Power,ACMESOLAR,ACMESOLAR.NS,INE622W01025,
Adani Energy Solutions Ltd.,Power,ADANIENSOL,ADANIENSOL.NS,INE931S01010,
Adani Green Energy Ltd.,Power,ADANIGREEN,ADANIGREEN.NS,INE364U01010,
Adani Power Ltd.,Power,ADANIPOWER,ADANIPOWER.NS,INE814H01029,
CESC Ltd.,Power,CESC,CESC.NS,INE486A01021,
GMR Power and Urban Infra Ltd.,Power,GMRP&UI,GMRP&UI.NS,INE0CU601026,
JSW Energy Ltd.,Power,JSWENERGY,JSWENERGY.NS,INE121E01018,
Jaiprakash Power Ventures Ltd.,Power,JPPOWER,JPPOWER.NS,INE351F01018,
KPI Green Energy Ltd.,Power,KPIGREEN,KPIGREEN.NS,INE542W01025,
NHPC Ltd.,Power,NHPC,NHPC.NS,INE848E01016,
NLC India Ltd.,Power,NLCINDIA,NLCINDIA.NS,INE589A01014,
NTPC Green Energy Ltd.,Power,NTPCGREEN,NTPCGREEN.NS,INE0ONG01011,
NTPC Ltd.,Power,NTPC,NTPC.NS,INE733E01010,
Nava Ltd.,Power,NAVA,NAVA.NS,INE725A01030,
PTC India Ltd.,Power,PTC,PTC.NS,INE877F01012,
Power Grid Corporation of India Ltd.,Power,POWERGRID,POWERGRID.NS,INE752E01010,
RattanIndia Power Ltd.,Power,RTNPOWER,RTNPOWER.NS,INE399K01017,
Reliance Power Ltd.,Power,RPOWER,RPOWER.NS,INE614G01033,
SJVN Ltd.,Power,SJVN,SJVN.NS,INE002L01015,
Tata Power Co. Ltd.,Power,TATAPOWER,TATAPOWER.NS,INE245A01021,
Torrent Power Ltd.,Power,TORNTPOWER,TORNTPOWER.NS,INE813H01021,
Axis Bank Ltd.,Private banks,AXISBANK,AXISBANK.NS,INE238A01034,
Bandhan Bank Ltd.,Private banks,BANDHANBNK,BANDHANBNK.NS,INE545U01014,
Federal Bank Ltd.,Private banks,FEDERALBNK,FEDERALBNK.NS,INE171A01029,
HDFC Bank Ltd.,Private banks,HDFCBANK,HDFCBANK.NS,INE040A01034,
ICICI Bank Ltd.,Private banks,ICICIBANK,ICICIBANK.NS,INE090A01021,
IDFC First Bank Ltd.,Private banks,IDFCFIRSTB,IDFCFIRSTB.NS,INE092T01019,
IndusInd Bank Ltd.,Private banks,INDUSINDBK,INDUSINDBK.NS,INE095A01012,
Kotak Mahindra Bank Ltd.,Private banks,KOTAKBANK,KOTAKBANK.NS,INE237A01036,
RBL Bank Ltd.,Private banks,RBLBANK,RBLBANK.NS,INE976G01028,
Yes Bank Ltd.,Private banks,YESBANK,YESBANK.NS,INE528G01035,
Bank of Baroda,PSU Banks,BANKBARODA,BANKBARODA.NS,INE028A01039,
Bank of India,PSU Banks,BANKINDIA,BANKINDIA.NS,INE084A01016,
Bank of Maharashtra,PSU Banks,MAHABANK,MAHABANK.NS,INE457A01014,
Canara Bank,PSU Banks,CANBK,CANBK.NS,INE476A01022,
Central Bank of India,PSU Banks,CENTRALBK,CENTRALBK.NS,INE483A01010,
Indian Bank,PSU Banks,INDIANB,INDIANB.NS,INE562A01011,
Indian Overseas Bank,PSU Banks,IOB,IOB.NS,INE565A01014,
Punjab & Sind Bank,PSU Banks,PSB,PSB.NS,INE608A01012,
Punjab National Bank,PSU Banks,PNB,PNB.NS,INE160A01022,
State Bank of India,PSU Banks,SBIN,SBIN.NS,INE062A01020,
UCO Bank,PSU Banks,UCOBANK,UCOBANK.NS,INE691A01018,
Union Bank of India,PSU Banks,UNIONBANK,UNIONBANK.NS,INE692A01016,
Aditya Birla Real Estate Ltd.,Realty,ABREL,ABREL.NS,INE055A01016,
Anant Raj Ltd.,Realty,ANANTRAJ,ANANTRAJ.NS,INE242C01024,
Brigade Enterprises Ltd.,Realty,BRIGADE,BRIGADE.NS,INE791I01019,
DLF Ltd.,Realty,DLF,DLF.NS,INE271C01023,
Godrej Properties Ltd.,Realty,GODREJPROP,GODREJPROP.NS,INE484J01027,
Lodha Developers Ltd.,Realty,LODHA,LODHA.NS,INE670K01029,
Oberoi Realty Ltd.,Realty,OBEROIRLTY,OBEROIRLTY.NS,INE093I01010,
Phoenix Mills Ltd.,Realty,PHOENIXLTD,PHOENIXLTD.NS,INE211B01039,
Prestige Estates Projects Ltd.,Realty,PRESTIGE,PRESTIGE.NS,INE811K01011,
Sobha Ltd.,Realty,SOBHA,SOBHA.NS,INE671H01015,
Bharti Airtel Ltd.,Telecommunication,BHARTIARTL,BHARTIARTL.NS,INE397D01024,
Bharti Hexacom Ltd.,Telecommunication,BHARTIHEXA,BHARTIHEXA.NS,INE343G01021,
HFCL Ltd.,Telecommunication,HFCL,HFCL.NS,INE548A01028,
ITI Ltd.,Telecommunication,ITI,ITI.NS,INE248A01017,
Indus Towers Ltd.,Telecommunication,INDUSTOWER,INDUSTOWER.NS,INE121J01017,
Optiemus Infracom Ltd.,Telecommunication,OPTIEMUS,OPTIEMUS.NS,INE350C01017,
Railtel Corporation Of India Ltd.,Telecommunication,RAILTEL,RAILTEL.NS,INE0DD101019,
Route Mobile Ltd.,Telecommunication,ROUTE,ROUTE.NS,INE450U01017,
Sterlite Technologies Ltd.,Telecommunication,STLTECH,STLTECH.NS,INE089C01029,
Tata Communications Ltd.,Telecommunication,TATACOMM,TATACOMM.NS,INE151A01013,
Tata Teleservices (Maharashtra) Ltd.,Telecommunication,TTML,TTML.NS,INE517B01013,
Tejas Networks Ltd.,Telecommunication,TEJASNET,TEJASNET.NS,INE010J01012,
Vodafone Idea Ltd.,Telecommunication,IDEA,IDEA.NS,INE669E01016,
Abbott India Ltd.,500 Healthcare,ABBOTINDIA,ABBOTINDIA.NS,INE358A01014,
Ajanta Pharmaceuticals Ltd.,500 Healthcare,AJANTPHARM,AJANTPHARM.NS,INE031B01049,
Alembic Pharmaceuticals Ltd.,500 Healthcare,APLLTD,APLLTD.NS,INE901L01018,
Alivus Life Sciences Ltd.,500 Healthcare,ALIVUS,ALIVUS.NS,INE03Q201024,
Alkem Laboratories Ltd.,500 Healthcare,ALKEM,ALKEM.NS,INE540L01014,
Apollo Hospitals Enterprise Ltd.,500 Healthcare,APOLLOHOSP,APOLLOHOSP.NS,INE437A01024,
Aster DM Healthcare Ltd.,500 Healthcare,ASTERDM,ASTERDM.NS,INE914M01019,
AstraZenca Pharma India Ltd.,500 Healthcare,ASTRAZEN,ASTRAZEN.NS,INE203A01020,
Aurobindo Pharma Ltd.,500 Healthcare,AUROPHARMA,AUROPHARMA.NS,INE406A01037,
Biocon Ltd.,500 Healthcare,BIOCON,BIOCON.NS,INE376G01013,
Caplin Point Laboratories Ltd.,500 Healthcare,CAPLIPOINT,CAPLIPOINT.NS,INE475E01026,
Cipla Ltd.,500 Healthcare,CIPLA,CIPLA.NS,INE059A01026,
Cohance Lifesciences Ltd.,500 Healthcare,COHANCE,COHANCE.NS,INE03QK01018,
Concord Biotech Ltd.,500 Healthcare,CONCORDBIO,CONCORDBIO.NS,INE338H01029,
Divi's Laboratories Ltd.,500 Healthcare,DIVISLAB,DIVISLAB.NS,INE361B01024,
Dr. Lal Path Labs Ltd.,500 Healthcare,LALPATHLAB,LALPATHLAB.NS,INE600L01024,
Dr. Reddy's Laboratories Ltd.,500 Healthcare,DRREDDY,DRREDDY.NS,INE089A01031,
Emcure Pharmaceuticals Ltd.,500 Healthcare,EMCURE,EMCURE.NS,INE168P01015,
Eris Lifesciences Ltd.,500 Healthcare,ERIS,ERIS.NS,INE406M01024,
Fortis Healthcare Ltd.,500 Healthcare,FORTIS,FORTIS.NS,INE061F01013,
Gland Pharma Ltd.,500 Healthcare,GLAND,GLAND.NS,INE068V01023,
Glaxosmithkline Pharmaceuticals Ltd.,500 Healthcare,GLAXO,GLAXO.NS,INE159A01016,
Glenmark Pharmaceuticals Ltd.,500 Healthcare,GLENMARK,GLENMARK.NS,INE935A01035,
Global Health Ltd.,500 Healthcare,MEDANTA,MEDANTA.NS,INE474Q01031,
Granules India Ltd.,500 Healthcare,GRANULES,GRANULES.NS,INE101D01020,
Indegene Ltd.,500 Healthcare,INDGN,INDGN.NS,INE065X01017,
Ipca Laboratories Ltd.,500 Healthcare,IPCALAB,IPCALAB.NS,INE571A01038,
J.B. Chemicals & Pharmaceuticals Ltd.,500 Healthcare,JBCHEPHARM,JBCHEPHARM.NS,INE572A01036,
Jubilant Pharmova Ltd.,500 Healthcare,JUBLPHARMA,JUBLPHARMA.NS,INE700A01033,
Krishna Institute of Medical Sciences Ltd.,500 Healthcare,KIMS,KIMS.NS,INE967H01025,
Laurus Labs Ltd.,500 Healthcare,LAURUSLABS,LAURUSLABS.NS,INE947Q01028,
Lupin Ltd.,500 Healthcare,LUPIN,LUPIN.NS,INE326A01037,
Mankind Pharma Ltd.,500 Healthcare,MANKIND,MANKIND.NS,INE634S01028,
Max Healthcare Institute Ltd.,500 Healthcare,MAXHEALTH,MAXHEALTH.NS,INE027H01010,
Metropolis Healthcare Ltd.,500 Healthcare,METROPOLIS,METROPOLIS.NS,INE112L01020,
NATCO Pharma Ltd.,500 Healthcare,NATCOPHARM,NATCOPHARM.NS,INE987B01026,
Narayana Hrudayalaya Ltd.,500 Healthcare,NH,NH.NS,INE410P01011,
Neuland Laboratories Ltd.,500 Healthcare,NEULANDLAB,NEULANDLAB.NS,INE794A01010,
Pfizer Ltd.,500 Healthcare,PFIZER,PFIZER.NS,INE182A01018,
Piramal Pharma Ltd.,500 Healthcare,PPLPHARMA,PPLPHARMA.NS,INE0DK501011,
Poly Medicure Ltd.,500 Healthcare,POLYMED,POLYMED.NS,INE205C01021,
Rainbow Childrens Medicare Ltd.,500 Healthcare,RAINBOW,RAINBOW.NS,INE961O01016,
Sai Life Sciences Ltd.,500 Healthcare,SAILIFE,SAILIFE.NS,INE570L01029,
Sun Pharmaceutical Industries Ltd.,500 Healthcare,SUNPHARMA,SUNPHARMA.NS,INE044A01036,
Syngene International Ltd.,500 Healthcare,SYNGENE,SYNGENE.NS,INE398R01022,
Torrent Pharmaceuticals Ltd.,500 Healthcare,TORNTPHARM,TORNTPHARM.NS,INE685A01028,
Vijaya Diagnostic Centre Ltd.,500 Healthcare,VIJAYA,VIJAYA.NS,INE043W01024,
Zydus Lifesciences Ltd.,500 Healthcare,ZYDUSLIFE,ZYDUSLIFE.NS,INE010B01027,
360 ONE WAM Ltd.,MidSmall Financial Services,360ONE,360ONE.NS,INE466L01038,
AU Small Finance Bank Ltd.,MidSmall Financial Services,AUBANK,AUBANK.NS,INE949L01017,
Aditya Birla Capital Ltd.,MidSmall Financial Services,ABCAPITAL,ABCAPITAL.NS,INE674K01013,
Angel One Ltd.,MidSmall Financial Services,ANGELONE,ANGELONE.NS,INE732I01021,
BSE Ltd.,MidSmall Financial Services,BSE,BSE.NS,INE118H01025,
Bandhan Bank Ltd.,MidSmall Financial Services,BANDHANBNK,BANDHANBNK.NS,INE545U01014,
Bank of India,MidSmall Financial Services,BANKINDIA,BANKINDIA.NS,INE084A01016,
Central Depository Services (India) Ltd.,MidSmall Financial Services,CDSL,CDSL.NS,INE736A01011,
Computer Age Management Services Ltd.,MidSmall Financial Services,CAMS,CAMS.NS,INE596I01020,
Federal Bank Ltd.,MidSmall Financial Services,FEDERALBNK,FEDERALBNK.NS,INE171A01029,
Housing & Urban Development Corporation Ltd.,MidSmall Financial Services,HUDCO,HUDCO.NS,INE031A01017,
ICICI Lombard General Insurance Company Ltd.,MidSmall Financial Services,ICICIGI,ICICIGI.NS,INE765G01017,
ICICI Prudential Life Insurance Company Ltd.,MidSmall Financial Services,ICICIPRULI,ICICIPRULI.NS,INE726G01019,
IDFC First Bank Ltd.,MidSmall Financial Services,IDFCFIRSTB,IDFCFIRSTB.NS,INE092T01019,
Indian Bank,MidSmall Financial Services,INDIANB,INDIANB.NS,INE562A01011,
Indian Energy Exchange Ltd.,MidSmall Financial Services,IEX,IEX.NS,INE022Q01020,
IndusInd Bank Ltd.,MidSmall Financial Services,INDUSINDBK,INDUSINDBK.NS,INE095A01012,
Kfin Technologies Ltd.,MidSmall Financial Services,KFINTECH,KFINTECH.NS,INE138Y01010,
L&T Finance Ltd.,MidSmall Financial Services,LTF,LTF.NS,INE498L01015,
LIC Housing Finance Ltd.,MidSmall Financial Services,LICHSGFIN,LICHSGFIN.NS,INE115A01026,
Life Insurance Corporation of India,MidSmall Financial Services,LICI,LICI.NS,INE0J1Y01017,
Manappuram Finance Ltd.,MidSmall Financial Services,MANAPPURAM,MANAPPURAM.NS,INE522D01027,
Max Financial Services Ltd.,MidSmall Financial Services,MFSL,MFSL.NS,INE180A01020,
Multi Commodity Exchange of India Ltd.,MidSmall Financial Services,MCX,MCX.NS,INE745G01043,
One 97 Communications Ltd.,MidSmall Financial Services,PAYTM,PAYTM.NS,INE982J01020,
PB Fintech Ltd.,MidSmall Financial Services,POLICYBZR,POLICYBZR.NS,INE417T01026,
PNB Housing Finance Ltd.,MidSmall Financial Services,PNBHOUSING,PNBHOUSING.NS,INE572E01012,
RBL Bank Ltd.,MidSmall Financial Services,RBLBANK,RBLBANK.NS,INE976G01028,
SBI Cards and Payment Services Ltd.,MidSmall Financial Services,SBICARD,SBICARD.NS,INE018E01016,
Yes Bank Ltd.,MidSmall Financial Services,YESBANK,YESBANK.NS,INE528G01035,
Abbott India Ltd.,MidSmall Healthcare,ABBOTINDIA,ABBOTINDIA.NS,INE358A01014,
Acutaas Chemicals Ltd.,MidSmall Healthcare,ACUTAAS,ACUTAAS.NS,INE00FF01025,
Ajanta Pharmaceuticals Ltd.,MidSmall Healthcare,AJANTPHARM,AJANTPHARM.NS,INE031B01049,
Alkem Laboratories Ltd.,MidSmall Healthcare,ALKEM,ALKEM.NS,INE540L01014,
Aster DM Healthcare Ltd.,MidSmall Healthcare,ASTERDM,ASTERDM.NS,INE914M01019,
Aurobindo Pharma Ltd.,MidSmall Healthcare,AUROPHARMA,AUROPHARMA.NS,INE406A01037,
Biocon Ltd.,MidSmall Healthcare,BIOCON,BIOCON.NS,INE376G01013,
Cohance Lifesciences Ltd.,MidSmall Healthcare,COHANCE,COHANCE.NS,INE03QK01018,
Dr. Lal Path Labs Ltd.,MidSmall Healthcare,LALPATHLAB,LALPATHLAB.NS,INE600L01024,
Fortis Healthcare Ltd.,MidSmall Healthcare,FORTIS,FORTIS.NS,INE061F01013,
Gland Pharma Ltd.,MidSmall Healthcare,GLAND,GLAND.NS,INE068V01023,
Glaxosmithkline Pharmaceuticals Ltd.,MidSmall Healthcare,GLAXO,GLAXO.NS,INE159A01016,
Glenmark Pharmaceuticals Ltd.,MidSmall Healthcare,GLENMARK,GLENMARK.NS,INE935A01035,
Global Health Ltd.,MidSmall Healthcare,MEDANTA,MEDANTA.NS,INE474Q01031,
Granules India Ltd.,MidSmall Healthcare,GRANULES,GRANULES.NS,INE101D01020,
Ipca Laboratories Ltd.,MidSmall Healthcare,IPCALAB,IPCALAB.NS,INE571A01038,
Krishna Institute of Medical Sciences Ltd.,MidSmall Healthcare,KIMS,KIMS.NS,INE967H01025,
Laurus Labs Ltd.,MidSmall Healthcare,LAURUSLABS,LAURUSLABS.NS,INE947Q01028,
Lupin Ltd.,MidSmall Healthcare,LUPIN,LUPIN.NS,INE326A01037,
Mankind Pharma Ltd.,MidSmall Healthcare,MANKIND,MANKIND.NS,INE634S01028,
NATCO Pharma Ltd.,MidSmall Healthcare,NATCOPHARM,NATCOPHARM.NS,INE987B01026,
Narayana Hrudayalaya Ltd.,MidSmall Healthcare,NH,NH.NS,INE410P01011,
Neuland Laboratories Ltd.,MidSmall Healthcare,NEULANDLAB,NEULANDLAB.NS,INE794A01010,
Onesource Specialty Pharma Ltd.,MidSmall Healthcare,ONESOURCE,ONESOURCE.NS,INE013P01021,
Pfizer Ltd.,MidSmall Healthcare,PFIZER,PFIZER.NS,INE182A01018,
Piramal Pharma Ltd.,MidSmall Healthcare,PPLPHARMA,PPLPHARMA.NS,INE0DK501011,
Poly Medicure Ltd.,MidSmall Healthcare,POLYMED,POLYMED.NS,INE205C01021,
Sai Life Sciences Ltd.,MidSmall Healthcare,SAILIFE,SAILIFE.NS,INE570L01029,
Syngene International Ltd.,MidSmall Healthcare,SYNGENE,SYNGENE.NS,INE398R01022,
Wockhardt Ltd.,MidSmall Healthcare,WOCKPHARMA,WOCKPHARMA.NS,INE049B01025,
